#Table Ressource; 
insert into Ressource values (1,1);
insert into Ressource values (2,1);
insert into Ressource values (3,2);
insert into Ressource values (4,2);
insert into Ressource values (5,3);
insert into Ressource values (6,4);
insert into Ressource values (7,5);
insert into Ressource values (8,6);
insert into Ressource values (9,6);
insert into Ressource values (10,7);
insert into Ressource values (11,7);
insert into Ressource values (12,8);
insert into Ressource values (13,8);
insert into Ressource values (14,9);
insert into Ressource values (15,10);
insert into Ressource values (16,11);
insert into Ressource values (17,12);
insert into Ressource values (18,13);
insert into Ressource values (19,14);
insert into Ressource values (20,15);
insert into Ressource values (21,1);
insert into Ressource values (22,2);
insert into Ressource values (23,6);
insert into Ressource values (24,7);
insert into Ressource values (25,8);
insert into Ressource values (26,12);
insert into Ressource values (27,13);
insert into Ressource values (28,3);
insert into Ressource values (29,8);
insert into Ressource values (30,1);
insert into Ressource values (31,7);
insert into Ressource values (32,8);
insert into Ressource values (33,6);
insert into Ressource values (34,12);
insert into Ressource values (35,13);
insert into Ressource values (36,1);
insert into Ressource values (37,2);
insert into Ressource values (38,3);
insert into Ressource values (39,14);
insert into Ressource values (40,15);

#Table RSSOURCEHM;
insert into RESSHUM values (1,'RH1N','RH1P','RH1','2008-03-01',false,'RH1@phythea.com','RH1@phythea.com','RH1PWD');
insert into RESSHUM values (2,'RH2N','RH2P','RH2','2008-04-15',true,'RH2@phythea.com','RH2@phythea.com','RH2PWD');
insert into RESSHUM values (3,'RH3N','RH3P','RH3','2009-10-04',true,'RH3@phythea.com','RH3@phythea.com','RH3PWD');	
insert into RESSHUM values (4,'RH4N','RH4P','RH4','2005-01-08',true,'RH4@phythea.com','RH4@phythea.com','RH4PWD');
insert into RESSHUM values (5,'RH5N','RH5P','RH5','2004-10-14',true,'RH5@phythea.com','RH5@phythea.com','RH5PWD');
insert into RESSHUM values (6,'RH6N','RH6P','RH6','2003-02-28',true,'RH6@phythea.com','RH6@phythea.com','RH6PWD');	
insert into RESSHUM values (7,'RH7N','RH7P','RH7','2001-10-08',true,'RH7@phythea.com','RH7@phythea.com','RH7PWD');
insert into RESSHUM values (8,'RH8N','RH8P','RH8','2009-10-17',true,'RH8@asp.fr','RH8@asp.fr','RH8PWD');
insert into RESSHUM values (9,'RH9N','RH9P','RH9','2009-06-05',true,'RH9@asp.fr','RH9@asp.fr','RH9PWD');
insert into RESSHUM values (10,'RH10N','RH10P','RH10','2008-10-08',false,'RH10@asp.fr','RH10@asp.fr','RH10PWD');
insert into RESSHUM values (11,'RH11N','RH11P','RH11','2007-04-15',true,'RH11@asp.fr','RH11@asp.fr','RH11PWD');
insert into RESSHUM values (12,'RH12N','RH12P','RH12','2009-10-17',true,'RH12@asp.fr','RH12@asp.fr','RH12PWD');
insert into RESSHUM values (13,'RH13N','RH13P','RH13','2005-10-01',true,'RH13@asp.fr','RH13@asp.fr','RH13PWD');
insert into RESSHUM values (14,'RH14N','RH14P','RH14','2003-12-01',true,'RH14@asp.fr','RH14@asp.fr','RH14PWD');
insert into RESSHUM values (15,'RH15N','RH15P','RH15','2002-10-08',true,'RH15@asp.fr','RH15@asp.fr','RH15PWD');
insert into RESSHUM values (16,'RH16N','RH16P','RH16','2009-10-13',true,'RH16@asp.fr','RH16@asp.fr','RH16PWD');
insert into RESSHUM values (17,'RH17N','RH17P','RH17','2007-10-04',true,'RH17@asp.fr','RH17@asp.fr','RH17PWD');
insert into RESSHUM values (18,'RH18N','RH18P','RH18','2009-10-09',true,'RH18@asp.fr','RH18@asp.fr','RH18PWD');
insert into RESSHUM values (19,'RH19N','RH19P','RH19','2006-11-08',true,'RH19@asp.fr','RH19@asp.fr','RH19PWD');
insert into RESSHUM values (20,'RH20N','RH20P','RH20','2009-10-12',false,'RH20@asp.fr','RH20@asp.fr','RH20PWD');

#Table salairebrut;
insert into salairebrut values (1,1,'2008-03-01','9999-12-31',1000);
insert into salairebrut values (2,2,'2008-04-15','9999-12-31',2000);
insert into salairebrut values (3,3,'2009-10-04','9999-12-31',3000);
insert into salairebrut values (4,4,'2005-01-08','9999-12-31',4000);
insert into salairebrut values (5,5,'2004-10-14','9999-12-31',5000);
insert into salairebrut values (6,6,'2003-02-28','9999-12-31',6000);
insert into salairebrut values (7,7,'2001-10-08','9999-12-31',7000);
insert into salairebrut values (8,8,'2009-10-17','9999-12-31',8000);
insert into salairebrut values (9,9,'2009-06-05','9999-12-31',9000);
insert into salairebrut values (10,10,'2008-10-08','9999-12-31',10000);
insert into salairebrut values (11,11,'2007-04-15','9999-12-31',11000);
insert into salairebrut values (12,12,'2009-10-17','9999-12-31',12000);
insert into salairebrut values (13,13,'2005-10-01','9999-12-31',13000);
insert into salairebrut values (14,14,'2003-12-01','9999-12-31',14000);
insert into salairebrut values (15,15,'2002-10-08','9999-12-31',15000);
insert into salairebrut values (16,16,'2009-10-13','9999-12-31',16000);
insert into salairebrut values (17,17,'2007-10-04','9999-12-31',17000);
insert into salairebrut values (18,18,'2009-10-09','9999-12-31',18000);
insert into salairebrut values (19,19,'2006-11-08','9999-12-31',19000);
insert into salairebrut values (20,20,'2009-10-12','9999-12-31',20000);
	
#table Charges Patronales;
insert into chargespatronales  values (1,1,'2008-03-01','9999-12-31',100);
insert into chargespatronales values (2,2,'2008-04-15','9999-12-31',200);
insert into chargespatronales values (3,3,'2009-10-04','9999-12-31',300);
insert into chargespatronales values (4,4,'2005-01-08','9999-12-31',400);
insert into chargespatronales values (5,5,'2004-10-14','9999-12-31',500);
insert into chargespatronales values (6,6,'2003-02-28','9999-12-31',600);
insert into chargespatronales values (7,7,'2001-10-08','9999-12-31',700);
insert into chargespatronales values (8,8,'2009-10-17','9999-12-31',800);
insert into chargespatronales values (9,9,'2009-06-05','9999-12-31',900);
insert into chargespatronales values (10,10,'2008-10-08','9999-12-31',1000);
insert into chargespatronales values (11,11,'2007-04-15','9999-12-31',1100);
insert into chargespatronales values (12,12,'2009-10-17','9999-12-31',1200);
insert into chargespatronales values (13,13,'2005-10-01','9999-12-31',1300);
insert into chargespatronales values (14,14,'2003-12-01','9999-12-31',1400);
insert into chargespatronales values (15,15,'2002-10-08','9999-12-31',1500);
insert into chargespatronales values (16,16,'2009-10-13','9999-12-31',1600);
insert into chargespatronales values (17,17,'2007-10-04','9999-12-31',1700);
insert into chargespatronales values (18,18,'2009-10-09','9999-12-31',1800);
insert into chargespatronales values (19,19,'2006-11-08','9999-12-31',1900);
insert into chargespatronales values (20,20,'2009-10-12','9999-12-31',2000);
	
#table amortissment resshum;
insert into Amortissment values (1,1, null,'2010',10);
insert into Amortissment values (2,2, null,'2010',20);
insert into Amortissment values (3,3, null,'2010',30);
insert into Amortissment values (4,4, null,'2010',40);
insert into Amortissment values (5,5, null,'2010',50);
insert into Amortissment values (6,6, null,'2010',60);
insert into Amortissment values (7,7, null,'2010',70);
insert into Amortissment values (8,8, null,'2010',80);
insert into Amortissment values (9,9, null,'2010',90);
insert into Amortissment values (10,10, null,'2010',100);
insert into Amortissment values (11,11, null,'2010',110);
insert into Amortissment values (12,12, null,'2010',120);
insert into Amortissment values (13,13, null,'2010',130);
insert into Amortissment values (14,14, null,'2010',140);
insert into Amortissment values (15,15, null,'2010',150);
insert into Amortissment values (16,16, null,'2010',160);
insert into Amortissment values (17,17, null,'2010',170);
insert into Amortissment values (18,18, null,'2010',180);
insert into Amortissment values (19,19, null,'2010',190);
insert into Amortissment values (20,20, null,'2010',200);
 
#table amortissment  ressamort;
insert into Amortissment values (21,null,21,'2008',11000);
insert into Amortissment values (22,null,21,'2009',10000);
insert into Amortissment values (23,null,22,'2008',9000);
insert into Amortissment values (24,null,22,'2009',8000);
insert into Amortissment values (25,null,22,'2010',5000);
insert into Amortissment values (26,null,23,'2008',13000);
insert into Amortissment values (27,null,23,'2009',10000);
insert into Amortissment values (28,null,24,'2009',8000);
insert into Amortissment values (29,null,24,'2010',8000);
insert into Amortissment values (30,null,24,'2011',8000);
insert into Amortissment values (31,null,25,'2010',13000);
insert into Amortissment values (32,null,25,'2011',12000);
insert into Amortissment values (33,null,26,'2010',8000);
insert into Amortissment values (34,null,26,'2011',8000);
insert into Amortissment values (35,null,26,'2012',8000);
insert into Amortissment values (36,null,27,'2010',15000);
insert into Amortissment values (37,null,27,'2011',12000);
insert into Amortissment values (38,null,28,'2010',11000);
insert into Amortissment values (39,null,28,'2011',10000);
insert into Amortissment values (40,null,28,'2012',7000);
insert into Amortissment values (41,null,29,'2010',16000);
insert into Amortissment values (42,null,29,'2010',13000);
insert into Amortissment values (43,null,30,'2010',10000);
insert into Amortissment values (44,null,30,'2011',10000);
insert into Amortissment values (45,null,30,'2012',10000);
 
#Table  RessAmort;
insert into ressamort values (21,'RA21','2008-04-15',21000);
insert into ressamort values (22,'RA22','2008-08-16',22000);
insert into ressamort values (23,'RA23','2008-08-16',23000);
insert into ressamort values (24,'RA24','2009-10-13',24000);	
insert into ressamort values (25,'RA25','2010-10-01',21000);
insert into ressamort values (26,'RA26','2010-10-01',22000);
insert into ressamort values (27,'RA27','2010-10-01',23000);
insert into ressamort values (28,'RA28','2010-10-01',24000);
insert into ressamort values (29,'RA29','2010-15-03',23000);
insert into ressamort values (30,'RA30','2010-08-01',24000);

#Table RessCons;
insert into ressconso values (31,'RC31','2008-03-15',100,184);
insert into ressconso values (32,'RC32','2009-02-14',95,150);
insert into ressconso values (33,'RC33','2009-06-13',13,2400);
insert into ressconso values (34,'RC34','2010-08-12',45,600);
insert into ressconso values (35,'RC35','2007-04-13',25,500);
insert into ressconso values (36,'RC36','2008-12-18',67,450);
insert into ressconso values (37,'RC37','2010-01-13',894,50);
insert into ressconso values (38,'RC38','2009-05-14',265,120);
insert into ressconso values (39,'RC39','2007-07-16',124,450);
insert into ressconso values (40,'RC40','2009-01-13',20,1000);
	
#Table entreprise;
insert into entreprise values ( 1,'phythea','@Phytea.com',true,'350','2009',false,false,false);
insert into entreprise values ( 2,'asplus','@AS+.net',false,'350','2005',true,true,true);
insert into entreprise values ( 3,'asplusE2','@AS+E2.fr',true,'350','2009',true,false,true);	

#Table organisation;
insert into organisation values (1,null,1,"phytea",0,true,false);
insert into organisation values (2,1,1,"PD1",1,false,true) ;
insert into organisation values (3,1,1,"PD2",1,false,true);
insert into organisation values (4,2,1,"PD1P1",2,false,true);
insert into organisation values (5,2,1,"PD1P2",2,false,true);
insert into organisation values (6,null,2,"AS+",0,true,false);
insert into organisation values (7,6,2,"AS+E1",1,true,true) ;
insert into organisation values (8,6,3,"AS+E2",1,true,false);
insert into organisation values (9,7,2,"AS+E1S1",2,false,true);
insert into organisation values (10,7,2,"AS+E1S2",2,false,true);	
insert into organisation values (11,7,2,"AS+E1S3",2,false,true);
insert into organisation values (12,8,3,"AS+E2D1",2,false,true);
insert into organisation values (13,8,3,"AS+E2D2",2,false,true);
insert into organisation values (14,12,3,"AS+E2D1S1",3,false,true);
insert into organisation values (15,12,3,"AS+E2D1S2",3,false,true);

#table profil;
insert into profil values (1,'Admin');
insert into profil values (2,'SplUsr');
insert into profil values (3,'CDP');
insert into profil values (4,'Gadmin');
insert into profil values (5,'IA');	
insert into profil values (6,'ROP');
insert into profil values (7,'CC');		
	
#table RH_avoir_profil;
insert into RH_avoir_profil values (1,1,1);
insert into RH_avoir_profil values (2,2,2);
insert into RH_avoir_profil values (3,3,3);
insert into RH_avoir_profil values (4,4,3);
insert into RH_avoir_profil values (5,5,2);
insert into RH_avoir_profil values (6,6,2);
insert into RH_avoir_profil values (7,7,3);
insert into RH_avoir_profil values (8,8,1);
insert into RH_avoir_profil values (9,9,1);
insert into RH_avoir_profil values (10,10,3);
insert into RH_avoir_profil values (11,11,3);
insert into RH_avoir_profil values (12,12,3);
insert into RH_avoir_profil values (13,13,3);
insert into RH_avoir_profil values (14,14,3);
insert into RH_avoir_profil values (15,15,2);
insert into RH_avoir_profil values (16,16,2);
insert into RH_avoir_profil values (17,17,2);
insert into RH_avoir_profil values (18,18,2);
insert into RH_avoir_profil values (19,19,2);
insert into RH_avoir_profil values (20,20,2);
	
#table GGPSysteme; 
insert into ggpsysteme values (1,'FM','Mourse','Florent','FM@glaizer.com','FMmdp'); 
insert into ggpsysteme values (2,'JG','Garnier','Jean','JG@glaizer.com','JGmdp');
insert into ggpsysteme values (3,'SA','Augoula','Steeve','SA@glaizer.com','SAmdp');
insert into ggpsysteme values (4,'MDM','De-Montfort','Mina','MDM@glaizer.com','MDMmdp');
insert into ggpsysteme values (5,'FD','Delvaux','Florian','FD@glaizer.com','FDmdp'); 
insert into ggpsysteme values (6,'MC','Charlet','Muriel','MC@glaizer.com','MCmdp');
insert into ggpsysteme values (7,'VF','Fetzer','Vincent','VF@glaizer.com','VFmdp');
insert into ggpsysteme values (8,'NK','Kanaoui','Nadia','NK@glaizer.com','NKmdp');

#table GGP_avoir_Profil;
insert into GGPS_avoir_profil values (1,1,4);
insert into GGPS_avoir_profil values (2,1,5);
insert into GGPS_avoir_profil values (3,2,6);
insert into GGPS_avoir_profil values (4,3,4);
insert into GGPS_avoir_profil values (5,4,4);
insert into GGPS_avoir_profil values (6,4,7);
insert into GGPS_avoir_profil values (7,5,5);
insert into GGPS_avoir_profil values (8,6,7);
insert into GGPS_avoir_profil values (9,7,5);
insert into GGPS_avoir_profil values (10,7,7);
insert into GGPS_avoir_profil values (11,8,5);
insert into GGPS_avoir_profil values (12,8,7);		

#Table  prestataire;
insert into prestataire values (1,'P1');
insert into prestataire values (2,'P2');
insert into prestataire values (3,'P3');
insert into prestataire values (4,'P4');
insert into prestataire values (5,'P5');
insert into prestataire values (6,'P6');
insert into prestataire values (7,'P7');
insert into prestataire values (8,'P8');
insert into prestataire values (9,'P9');
insert into prestataire values (10,'P10');

#Table Typeprestaire;
insert into Typeprestataire values (1,'PLF');
insert into Typeprestataire values (2,'PLE');
insert into Typeprestataire values (3,'PNLF');
insert into Typeprestataire values (4,'PNE');
insert into Typeprestataire values (5,'ALF');
insert into Typeprestataire values (6,'ANLF');
insert into Typeprestataire values (7,'ALE');
insert into Typeprestataire values (8,'ANLE');
insert into Typeprestataire values (9,'NA');

#Table prestation;
insert into prestation values (1,1,1,1,1,'2008-12-15',2000,2400,'Developpement d\'un site web onthologique',100);
insert into prestation values (2,2,2,2,7,'2009-04-13',1500,1500,'Etude du marche',50);
insert into prestation values (3,3,3,3,6,'2010-08-14',1240,13000,'Conception  base de donnees',75);
insert into prestation values (4,4,4,4,2,'2008-10-12',2540,2600,'Etude du marche',50);
insert into prestation values (5,5,5,1,3,'2007-05-14',3500,3550,'Recherche',25);
insert into prestation values (6,6,5,7,12,'2007-05-16',1450,1400,'Etude du marche',100);		
insert into prestation values (7,7,6,6,13,'2007-05-12',1256,1350,'Etude du marche',50);		
insert into prestation values (8,8,6,6,2,'2009-05-12',457,460,'Developpement d\'un site',75);
insert into prestation values (9,9,7,9,1,'2009-12-18',1478,1800,'Developpement d\'un site',0);
insert into prestation values (10,10,2,3,3,'2009-01-01',1458,1200,'Developpement d\'un site',25);

#Table Diplome
insert into DIPLOME values (1,'Doctorat');
insert into DIPLOME values (2,'Ingenieur');
insert into DIPLOME values (3,'Master');
insert into DIPLOME values (4,'Technicien');
	
# Table AVOIRDIPLOME  
insert into avoirdiplome values (1,1,1,'2008-01-15');
insert into avoirdiplome values (2,2,2,'2009-05-14');
insert into avoirdiplome values (3,3,3,'2005-01-15');
insert into avoirdiplome values (4,4,1,'2008-12-12');
insert into avoirdiplome values (5,5,1,'2005-03-15');
insert into avoirdiplome values (6,6,2,'2008-12-03');
insert into avoirdiplome values (7,7,1,'2006-08-15');
insert into avoirdiplome values (8,8,4,'2008-09-24');
insert into avoirdiplome values (9,9,1,'2007-04-15');
insert into avoirdiplome values (10,10,1,'2009-03-30');
insert into avoirdiplome values (11,11,3,'2003-05-15');
insert into avoirdiplome values (12,12,4,'2001-12-02');
insert into avoirdiplome values (13,13,1,'2004-04-15');
insert into avoirdiplome values (14,14,2,'2010-12-09');
insert into avoirdiplome values (15,15,1,'2003-11-15');
insert into avoirdiplome values (16,16,4,'2004-12-18');
insert into avoirdiplome values (17,17,1,'2006-10-15');
insert into avoirdiplome values (18,18,1,'2008-12-17');
insert into avoirdiplome values (19,19,3,'2007-11-18');
insert into avoirdiplome values (20,20,4,'2008-12-19');

#Table PROJECT
insert into projet values (1,2,'P1','Desciption du projet P1','2008-01-15','2009-01-15');
insert into projet values (2,4,'P2','Desciption du projet P2','2009-05-14','2010-01-15');
insert into projet values (3,2,'P3','Desciption du projet P3','2005-01-15','2008-01-15');
insert into projet values (4,2,'P4','Desciption du projet P4','2008-12-12','2009-10-15');
insert into projet values (5,3,'P5','Desciption du projet P5','2005-03-15','2008-01-15');
insert into projet values (6,3,'P6','Desciption du projet P6','2007-12-03','2008-01-15');
insert into projet values (7,10,'P7','Desciption du projet P7','2006-08-15','2008-01-15');
insert into projet values (8,10,'P8','Desciption du projet P8','2008-09-24','2011-01-15');
insert into projet values (9,11,'P9','Desciption du projet P9','2007-04-15','2008-01-15');
insert into projet values (10,12,'P10','Desciption du projet P10','2009-03-30','2012-01-15');

#Table PHASEPLANIFICATION
insert into phaseplanification values (1,null,1,'Phase1P1','Desciption de la phase 1 du projet P1',0,'2008-01-15','2008-03-15');
insert into phaseplanification values (2,1,1,'Phase2P1','Desciption de la phase 2 du projet P1',1,'2008-03-15','2008-07-15');
insert into phaseplanification values (3,1,1,'Phase3P1','Desciption de la phase 3 du projet P1',1,'2008-04-15','2009-01-15');
insert into phaseplanification values (4,3,1,'Phase4P1','Desciption de la phase 4 du projet P1',2,'2008-05-02','2008-10-15');
insert into phaseplanification values (5,3,1,'Phase5P1','Desciption de la phase 5 du projet P1',2,'2008-05-15','2009-01-15');
insert into phaseplanification values (6,null,2,'Phase6P2','Desciption de la phase 6 du projet P2',0,'2009-05-14','2009-06-14');
insert into phaseplanification values (7,6,2,'Phase7P2','Desciption de la phase 7 du projet P2',1,'2009-06-15','2009-10-15');
insert into phaseplanification values (8,6,2,'Phase8P2','Desciption de la phase 8 du projet P2',1,'2009-06-15','2009-12-15');
insert into phaseplanification values (9,8,2,'Phase9P2','Desciption de la phase 9 du projet P2',2,'2009-06-15','2009-10-15');
insert into phaseplanification values (10,8,2,'Phase10P2','Desciption de la phase 10 du projet P2',2,'2009-10-15','2009-12-15');
insert into phaseplanification values (11,6,2,'Phase11P2','Desciption de la phase 11 du projet P2',3,'2009-12-16','2010-01-15');

#Table simulationcir_scir
insert into simulationcir_scir (idscir,DATESCIR,DOTAMORT,DEPPERSCHERTECH,DEPPERSJD,DEPFCT,PRISEMAINTBREVT,DEPDEFBRVT,DOTAMORTBRVT,MOITSALCHRG,AUTRDEPNORM,MOITDEP,PRESTPUB,PRESTPRIVAGR,VEILLTECHNO,TEXTIL,SOUSTRAIT) values (1,'2005-01-12',10,20,22,3,45,21,200,12,45,23,14,85,98,75,32);
insert into simulationcir_scir (idscir,DATESCIR,DOTAMORT,DEPPERSCHERTECH,DEPPERSJD,DEPFCT,PRISEMAINTBREVT,DEPDEFBRVT,DOTAMORTBRVT,MOITSALCHRG,AUTRDEPNORM,MOITDEP,PRESTPUB,PRESTPRIVAGR,VEILLTECHNO,TEXTIL,SOUSTRAIT) values (2,'2004-02-12',18,20,96,31,45,21,87,12,45,23,14,98,98,96,32);
insert into simulationcir_scir (idscir,DATESCIR,DOTAMORT,DEPPERSCHERTECH,DEPPERSJD,DEPFCT,PRISEMAINTBREVT,DEPDEFBRVT,DOTAMORTBRVT,MOITSALCHRG,AUTRDEPNORM,MOITDEP,PRESTPUB,PRESTPRIVAGR,VEILLTECHNO,TEXTIL,SOUSTRAIT) values (3,'2003-07-25',23,20,2,13,45,21,48,12,45,23,14,85,98,88,32);
insert into simulationcir_scir (idscir,DATESCIR,DOTAMORT,DEPPERSCHERTECH,DEPPERSJD,DEPFCT,PRISEMAINTBREVT,DEPDEFBRVT,DOTAMORTBRVT,MOITSALCHRG,AUTRDEPNORM,MOITDEP,PRESTPUB,PRESTPRIVAGR,VEILLTECHNO,TEXTIL,SOUSTRAIT) values (4,'2002-06-20',55,20,220,300,45,21,200,18,45,23,14,85,63,31,32);
insert into simulationcir_scir (idscir,DATESCIR,DOTAMORT,DEPPERSCHERTECH,DEPPERSJD,DEPFCT,PRISEMAINTBREVT,DEPDEFBRVT,DOTAMORTBRVT,MOITSALCHRG,AUTRDEPNORM,MOITDEP,PRESTPUB,PRESTPRIVAGR,VEILLTECHNO,TEXTIL,SOUSTRAIT) values (5,'2007-01-12',10,20,221,113,45,21,78,12,4,230,124,8,958,715,320);
insert into simulationcir_scir (idscir,DATESCIR,DOTAMORT,DEPPERSCHERTECH,DEPPERSJD,DEPFCT,PRISEMAINTBREVT,DEPDEFBRVT,DOTAMORTBRVT,MOITSALCHRG,AUTRDEPNORM,MOITDEP,PRESTPUB,PRESTPRIVAGR,VEILLTECHNO,TEXTIL,SOUSTRAIT) values (6,'2005-01-12',10,20,22,3,45,21,200,12,45,23,14,85,98,75,32);
insert into simulationcir_scir (idscir,DATESCIR,DOTAMORT,DEPPERSCHERTECH,DEPPERSJD,DEPFCT,PRISEMAINTBREVT,DEPDEFBRVT,DOTAMORTBRVT,MOITSALCHRG,AUTRDEPNORM,MOITDEP,PRESTPUB,PRESTPRIVAGR,VEILLTECHNO,TEXTIL,SOUSTRAIT) values (7,'2004-02-12',18,20,96,31,45,21,87,12,45,23,14,98,98,96,32);
insert into simulationcir_scir (idscir,DATESCIR,DOTAMORT,DEPPERSCHERTECH,DEPPERSJD,DEPFCT,PRISEMAINTBREVT,DEPDEFBRVT,DOTAMORTBRVT,MOITSALCHRG,AUTRDEPNORM,MOITDEP,PRESTPUB,PRESTPRIVAGR,VEILLTECHNO,TEXTIL,SOUSTRAIT) values (8,'2003-07-25',23,20,2,13,45,21,48,12,45,23,14,85,98,88,32);
insert into simulationcir_scir (idscir,DATESCIR,DOTAMORT,DEPPERSCHERTECH,DEPPERSJD,DEPFCT,PRISEMAINTBREVT,DEPDEFBRVT,DOTAMORTBRVT,MOITSALCHRG,AUTRDEPNORM,MOITDEP,PRESTPUB,PRESTPRIVAGR,VEILLTECHNO,TEXTIL,SOUSTRAIT) values (9,'2002-06-20',55,20,220,300,45,21,200,18,45,23,14,85,63,31,32);
insert into simulationcir_scir (idscir,DATESCIR,DOTAMORT,DEPPERSCHERTECH,DEPPERSJD,DEPFCT,PRISEMAINTBREVT,DEPDEFBRVT,DOTAMORTBRVT,MOITSALCHRG,AUTRDEPNORM,MOITDEP,PRESTPUB,PRESTPRIVAGR,VEILLTECHNO,TEXTIL,SOUSTRAIT) values (10,'2007-01-12',10,20,221,113,45,21,78,12,4,230,124,8,958,715,320);
insert into simulationcir_scir (idscir,DATESCIR,DOTAMORT,DEPPERSCHERTECH,DEPPERSJD,DEPFCT,PRISEMAINTBREVT,DEPDEFBRVT,DOTAMORTBRVT,MOITSALCHRG,AUTRDEPNORM,MOITDEP,PRESTPUB,PRESTPRIVAGR,VEILLTECHNO,TEXTIL,SOUSTRAIT) values (11,'2005-01-12',10,20,22,3,45,21,200,12,45,23,14,85,98,75,32);
insert into simulationcir_scir (idscir,DATESCIR,DOTAMORT,DEPPERSCHERTECH,DEPPERSJD,DEPFCT,PRISEMAINTBREVT,DEPDEFBRVT,DOTAMORTBRVT,MOITSALCHRG,AUTRDEPNORM,MOITDEP,PRESTPUB,PRESTPRIVAGR,VEILLTECHNO,TEXTIL,SOUSTRAIT) values (12,'2004-02-12',18,20,96,31,45,21,87,12,45,23,14,98,98,96,32);
insert into simulationcir_scir (idscir,DATESCIR,DOTAMORT,DEPPERSCHERTECH,DEPPERSJD,DEPFCT,PRISEMAINTBREVT,DEPDEFBRVT,DOTAMORTBRVT,MOITSALCHRG,AUTRDEPNORM,MOITDEP,PRESTPUB,PRESTPRIVAGR,VEILLTECHNO,TEXTIL,SOUSTRAIT) values (13,'2003-07-25',23,20,2,13,45,21,48,12,45,23,14,85,98,88,32);
insert into simulationcir_scir (idscir,DATESCIR,DOTAMORT,DEPPERSCHERTECH,DEPPERSJD,DEPFCT,PRISEMAINTBREVT,DEPDEFBRVT,DOTAMORTBRVT,MOITSALCHRG,AUTRDEPNORM,MOITDEP,PRESTPUB,PRESTPRIVAGR,VEILLTECHNO,TEXTIL,SOUSTRAIT) values (14,'2002-06-20',55,20,220,300,45,21,200,18,45,23,14,85,63,31,32);
insert into simulationcir_scir (idscir,DATESCIR,DOTAMORT,DEPPERSCHERTECH,DEPPERSJD,DEPFCT,PRISEMAINTBREVT,DEPDEFBRVT,DOTAMORTBRVT,MOITSALCHRG,AUTRDEPNORM,MOITDEP,PRESTPUB,PRESTPRIVAGR,VEILLTECHNO,TEXTIL,SOUSTRAIT) values (15,'2007-01-12',10,20,221,113,45,21,78,12,4,230,124,8,958,715,320);
insert into simulationcir_scir (idscir,DATESCIR,DOTAMORT,DEPPERSCHERTECH,DEPPERSJD,DEPFCT,PRISEMAINTBREVT,DEPDEFBRVT,DOTAMORTBRVT,MOITSALCHRG,AUTRDEPNORM,MOITDEP,PRESTPUB,PRESTPRIVAGR,VEILLTECHNO,TEXTIL,SOUSTRAIT)values (16,'2005-01-12',10,20,22,3,45,21,200,12,45,23,14,85,98,75,32);
insert into simulationcir_scir (idscir,DATESCIR,DOTAMORT,DEPPERSCHERTECH,DEPPERSJD,DEPFCT,PRISEMAINTBREVT,DEPDEFBRVT,DOTAMORTBRVT,MOITSALCHRG,AUTRDEPNORM,MOITDEP,PRESTPUB,PRESTPRIVAGR,VEILLTECHNO,TEXTIL,SOUSTRAIT) values (17,'2004-02-12',18,20,96,31,45,21,87,12,45,23,14,98,98,96,32);
insert into simulationcir_scir (idscir,DATESCIR,DOTAMORT,DEPPERSCHERTECH,DEPPERSJD,DEPFCT,PRISEMAINTBREVT,DEPDEFBRVT,DOTAMORTBRVT,MOITSALCHRG,AUTRDEPNORM,MOITDEP,PRESTPUB,PRESTPRIVAGR,VEILLTECHNO,TEXTIL,SOUSTRAIT) values (18,'2003-07-25',23,20,2,13,45,21,48,12,45,23,14,85,98,88,32);
insert into simulationcir_scir (idscir,DATESCIR,DOTAMORT,DEPPERSCHERTECH,DEPPERSJD,DEPFCT,PRISEMAINTBREVT,DEPDEFBRVT,DOTAMORTBRVT,MOITSALCHRG,AUTRDEPNORM,MOITDEP,PRESTPUB,PRESTPRIVAGR,VEILLTECHNO,TEXTIL,SOUSTRAIT) values (19,'2002-06-20',55,20,220,300,45,21,200,18,45,23,14,85,63,31,32);
insert into simulationcir_scir (idscir,DATESCIR,DOTAMORT,DEPPERSCHERTECH,DEPPERSJD,DEPFCT,PRISEMAINTBREVT,DEPDEFBRVT,DOTAMORTBRVT,MOITSALCHRG,AUTRDEPNORM,MOITDEP,PRESTPUB,PRESTPRIVAGR,VEILLTECHNO,TEXTIL,SOUSTRAIT) values (20,'2007-01-12',10,20,221,113,45,21,78,12,4,230,124,8,958,715,320);
insert into simulationcir_scir (idscir,DATESCIR,DOTAMORT,DEPPERSCHERTECH,DEPPERSJD,DEPFCT,PRISEMAINTBREVT,DEPDEFBRVT,DOTAMORTBRVT,MOITSALCHRG,AUTRDEPNORM,MOITDEP,PRESTPUB,PRESTPRIVAGR,VEILLTECHNO,TEXTIL,SOUSTRAIT) values (21,'2005-01-12',10,20,22,3,45,21,200,12,45,23,14,85,98,75,32);
insert into simulationcir_scir (idscir,DATESCIR,DOTAMORT,DEPPERSCHERTECH,DEPPERSJD,DEPFCT,PRISEMAINTBREVT,DEPDEFBRVT,DOTAMORTBRVT,MOITSALCHRG,AUTRDEPNORM,MOITDEP,PRESTPUB,PRESTPRIVAGR,VEILLTECHNO,TEXTIL,SOUSTRAIT) values (22,'2004-02-12',18,20,96,31,45,21,87,12,45,23,14,98,98,96,32);
insert into simulationcir_scir (idscir,DATESCIR,DOTAMORT,DEPPERSCHERTECH,DEPPERSJD,DEPFCT,PRISEMAINTBREVT,DEPDEFBRVT,DOTAMORTBRVT,MOITSALCHRG,AUTRDEPNORM,MOITDEP,PRESTPUB,PRESTPRIVAGR,VEILLTECHNO,TEXTIL,SOUSTRAIT) values (23,'2003-07-25',23,20,2,13,45,21,48,12,45,23,14,85,98,88,32);
insert into simulationcir_scir (idscir,DATESCIR,DOTAMORT,DEPPERSCHERTECH,DEPPERSJD,DEPFCT,PRISEMAINTBREVT,DEPDEFBRVT,DOTAMORTBRVT,MOITSALCHRG,AUTRDEPNORM,MOITDEP,PRESTPUB,PRESTPRIVAGR,VEILLTECHNO,TEXTIL,SOUSTRAIT) values (24,'2002-06-20',55,20,220,300,45,21,200,18,45,23,14,85,63,31,32);
insert into simulationcir_scir (idscir,DATESCIR,DOTAMORT,DEPPERSCHERTECH,DEPPERSJD,DEPFCT,PRISEMAINTBREVT,DEPDEFBRVT,DOTAMORTBRVT,MOITSALCHRG,AUTRDEPNORM,MOITDEP,PRESTPUB,PRESTPRIVAGR,VEILLTECHNO,TEXTIL,SOUSTRAIT) values (25,'2007-01-12',10,20,221,113,45,21,78,12,4,230,124,8,958,715,320);
insert into simulationcir_scir (idscir,DATESCIR,DOTAMORT,DEPPERSCHERTECH,DEPPERSJD,DEPFCT,PRISEMAINTBREVT,DEPDEFBRVT,DOTAMORTBRVT,MOITSALCHRG,AUTRDEPNORM,MOITDEP,PRESTPUB,PRESTPRIVAGR,VEILLTECHNO,TEXTIL,SOUSTRAIT) values (26,'2005-01-12',10,20,22,3,45,21,200,12,45,23,14,85,98,75,32);
insert into simulationcir_scir (idscir,DATESCIR,DOTAMORT,DEPPERSCHERTECH,DEPPERSJD,DEPFCT,PRISEMAINTBREVT,DEPDEFBRVT,DOTAMORTBRVT,MOITSALCHRG,AUTRDEPNORM,MOITDEP,PRESTPUB,PRESTPRIVAGR,VEILLTECHNO,TEXTIL,SOUSTRAIT) values (27,'2004-02-12',18,20,96,31,45,21,87,12,45,23,14,98,98,96,32);
insert into simulationcir_scir (idscir,DATESCIR,DOTAMORT,DEPPERSCHERTECH,DEPPERSJD,DEPFCT,PRISEMAINTBREVT,DEPDEFBRVT,DOTAMORTBRVT,MOITSALCHRG,AUTRDEPNORM,MOITDEP,PRESTPUB,PRESTPRIVAGR,VEILLTECHNO,TEXTIL,SOUSTRAIT) values (28,'2003-07-25',23,20,2,13,45,21,48,12,45,23,14,85,98,88,32);
insert into simulationcir_scir (idscir,DATESCIR,DOTAMORT,DEPPERSCHERTECH,DEPPERSJD,DEPFCT,PRISEMAINTBREVT,DEPDEFBRVT,DOTAMORTBRVT,MOITSALCHRG,AUTRDEPNORM,MOITDEP,PRESTPUB,PRESTPRIVAGR,VEILLTECHNO,TEXTIL,SOUSTRAIT) values (29,'2002-06-20',55,20,220,300,45,21,200,18,45,23,14,85,63,31,32);
insert into simulationcir_scir (idscir,DATESCIR,DOTAMORT,DEPPERSCHERTECH,DEPPERSJD,DEPFCT,PRISEMAINTBREVT,DEPDEFBRVT,DOTAMORTBRVT,MOITSALCHRG,AUTRDEPNORM,MOITDEP,PRESTPUB,PRESTPRIVAGR,VEILLTECHNO,TEXTIL,SOUSTRAIT) values (30,'2007-01-12',10,20,221,113,45,21,78,12,4,230,124,8,958,715,320);


#Table dossiercir
insert into dossiercir (DossierCirId, IDGGPS, IDENTREPRISE, IDSCIR, ANNEEDOSSCIR) values (1,4,1,1,'2008');
insert into dossiercir (DossierCirId, IDGGPS, IDENTREPRISE, IDSCIR, ANNEEDOSSCIR) values (2,4,2,2,'2007');
insert into dossiercir (DossierCirId, IDGGPS, IDENTREPRISE, IDSCIR, ANNEEDOSSCIR) values (3,4,3,3,'2009');
insert into dossiercir (DossierCirId, IDGGPS, IDENTREPRISE, IDSCIR, ANNEEDOSSCIR) values (4,4,1,4,'2009');
insert into dossiercir (DossierCirId, IDGGPS, IDENTREPRISE, IDSCIR, ANNEEDOSSCIR) values (5,4,1,5,'2010');
insert into dossiercir (DossierCirId, IDGGPS, IDENTREPRISE, IDSCIR, ANNEEDOSSCIR) values (6,4,4,1,'2008');
insert into dossiercir (DossierCirId, IDGGPS, IDENTREPRISE, IDSCIR, ANNEEDOSSCIR) values (7,4,4,2,'2007');
insert into dossiercir (DossierCirId, IDGGPS, IDENTREPRISE, IDSCIR, ANNEEDOSSCIR) values (8,4,5,3,'2009');
insert into dossiercir (DossierCirId, IDGGPS, IDENTREPRISE, IDSCIR, ANNEEDOSSCIR) values (9,4,5,4,'2009');
insert into dossiercir (DossierCirId, IDGGPS, IDENTREPRISE, IDSCIR, ANNEEDOSSCIR) values (10,4,6,5,'2010');
insert into dossiercir (DossierCirId, IDGGPS, IDENTREPRISE, IDSCIR, ANNEEDOSSCIR) values (11,4,7,1,'2008');
insert into dossiercir (DossierCirId, IDGGPS, IDENTREPRISE, IDSCIR, ANNEEDOSSCIR) values (12,4,7,2,'2007');
insert into dossiercir (DossierCirId, IDGGPS, IDENTREPRISE, IDSCIR, ANNEEDOSSCIR) values (13,4,7,3,'2009');
insert into dossiercir (DossierCirId, IDGGPS, IDENTREPRISE, IDSCIR, ANNEEDOSSCIR) values (14,4,8,4,'2009');
insert into dossiercir (DossierCirId, IDGGPS, IDENTREPRISE, IDSCIR, ANNEEDOSSCIR) values (15,4,9,5,'2010');
insert into dossiercir (DossierCirId, IDGGPS, IDENTREPRISE, IDSCIR, ANNEEDOSSCIR) values (16,4,10,1,'2008');
insert into dossiercir (DossierCirId, IDGGPS, IDENTREPRISE, IDSCIR, ANNEEDOSSCIR) values (17,4,10,2,'2007');
insert into dossiercir (DossierCirId, IDGGPS, IDENTREPRISE, IDSCIR, ANNEEDOSSCIR) values (18,4,10,3,'2009');
insert into dossiercir (DossierCirId, IDGGPS, IDENTREPRISE, IDSCIR, ANNEEDOSSCIR) values (19,4,11,4,'2009');
insert into dossiercir (DossierCirId, IDGGPS, IDENTREPRISE, IDSCIR, ANNEEDOSSCIR) values (20,4,11,5,'2010');
insert into dossiercir (DossierCirId, IDGGPS, IDENTREPRISE, IDSCIR, ANNEEDOSSCIR) values (21,4,12,1,'2008');
insert into dossiercir (DossierCirId, IDGGPS, IDENTREPRISE, IDSCIR, ANNEEDOSSCIR) values (22,4,12,2,'2007');
insert into dossiercir (DossierCirId, IDGGPS, IDENTREPRISE, IDSCIR, ANNEEDOSSCIR) values (23,4,13,3,'2002');
insert into dossiercir (DossierCirId, IDGGPS, IDENTREPRISE, IDSCIR, ANNEEDOSSCIR) values (24,4,13,4,'2009');
insert into dossiercir (DossierCirId, IDGGPS, IDENTREPRISE, IDSCIR, ANNEEDOSSCIR) values (25,4,14,5,'2010');
insert into dossiercir (DossierCirId, IDGGPS, IDENTREPRISE, IDSCIR, ANNEEDOSSCIR) values (26,4,14,5,'2009');
insert into dossiercir (DossierCirId, IDGGPS, IDENTREPRISE, IDSCIR, ANNEEDOSSCIR) values (27,4,15,5,'2010');
insert into dossiercir (DossierCirId, IDGGPS, IDENTREPRISE, IDSCIR, ANNEEDOSSCIR) values (28,4,15,5,'2009');	
insert into dossiercir (DossierCirId, IDGGPS, IDENTREPRISE, IDSCIR, ANNEEDOSSCIR) values (29,4,12,1,'2008');
insert into dossiercir (DossierCirId, IDGGPS, IDENTREPRISE, IDSCIR, ANNEEDOSSCIR) values (30,4,12,2,'2007');


#Table dossier icac
insert into DOSSIERCAC (dossierCacId, IDICAC, IDGGPS, IDENTREPRISE, ANNEEDOSSCAC) values (1,1,1,1,'2008');
insert into DOSSIERCAC (dossierCacId, IDICAC, IDGGPS, IDENTREPRISE, ANNEEDOSSCAC) values (2,2,2,2,'2007');
insert into DOSSIERCAC (dossierCacId, IDICAC, IDGGPS, IDENTREPRISE, ANNEEDOSSCAC) values (3,3,3,3,'2009');
insert into DOSSIERCAC (dossierCacId, IDICAC, IDGGPS, IDENTREPRISE, ANNEEDOSSCAC) values (4,4,4,1,'2009');
insert into DOSSIERCAC (dossierCacId, IDICAC, IDGGPS, IDENTREPRISE, ANNEEDOSSCAC) values (5,5,5,3,'2010');
insert into DOSSIERCAC (dossierCacId, IDICAC, IDGGPS, IDENTREPRISE, ANNEEDOSSCAC) values (6,6,6,1,'2008');
insert into DOSSIERCAC (dossierCacId, IDICAC, IDGGPS, IDENTREPRISE, ANNEEDOSSCAC) values (7,7,7,2,'2007');
insert into DOSSIERCAC (dossierCacId, IDICAC, IDGGPS, IDENTREPRISE, ANNEEDOSSCAC) values (8,8,8,3,'2009');
insert into DOSSIERCAC (dossierCacId, IDICAC, IDGGPS, IDENTREPRISE, ANNEEDOSSCAC) values (9,9,9,1,'2009');
insert into DOSSIERCAC (dossierCacId, IDICAC, IDGGPS, IDENTREPRISE, ANNEEDOSSCAC) values (10,10,10,3,'2010');
insert into DOSSIERCAC (dossierCacId, IDICAC, IDGGPS, IDENTREPRISE, ANNEEDOSSCAC) values (11,11,11,1,'2008');
insert into DOSSIERCAC (dossierCacId, IDICAC, IDGGPS, IDENTREPRISE, ANNEEDOSSCAC) values (12,12,12,2,'2007');
insert into DOSSIERCAC (dossierCacId, IDICAC, IDGGPS, IDENTREPRISE, ANNEEDOSSCAC) values (13,13,13,3,'2009');
insert into DOSSIERCAC (dossierCacId, IDICAC, IDGGPS, IDENTREPRISE, ANNEEDOSSCAC) values (14,14,14,1,'2009');
insert into DOSSIERCAC (dossierCacId, IDICAC, IDGGPS, IDENTREPRISE, ANNEEDOSSCAC) values (15,15,15,3,'2010');
insert into DOSSIERCAC (dossierCacId, IDICAC, IDGGPS, IDENTREPRISE, ANNEEDOSSCAC) values (16,16,1,1,'2002');
insert into DOSSIERCAC (dossierCacId, IDICAC, IDGGPS, IDENTREPRISE, ANNEEDOSSCAC) values (17,17,2,2,'2003');
insert into DOSSIERCAC (dossierCacId, IDICAC, IDGGPS, IDENTREPRISE, ANNEEDOSSCAC) values (18,18,3,3,'2004');
insert into DOSSIERCAC (dossierCacId, IDICAC, IDGGPS, IDENTREPRISE, ANNEEDOSSCAC) values (19,19,4,1,'2005');
insert into DOSSIERCAC (dossierCacId, IDICAC, IDGGPS, IDENTREPRISE, ANNEEDOSSCAC) values (20,20,5,3,'2006');
insert into DOSSIERCAC (dossierCacId, IDICAC, IDGGPS, IDENTREPRISE, ANNEEDOSSCAC) values (21,21,6,1,'2001');
insert into DOSSIERCAC (dossierCacId, IDICAC, IDGGPS, IDENTREPRISE, ANNEEDOSSCAC) values (22,22,7,2,'2000');
insert into DOSSIERCAC (dossierCacId, IDICAC, IDGGPS, IDENTREPRISE, ANNEEDOSSCAC) values (23,23,8,3,'2002');
insert into DOSSIERCAC (dossierCacId, IDICAC, IDGGPS, IDENTREPRISE, ANNEEDOSSCAC) values (24,24,9,1,'2003');
insert into DOSSIERCAC (dossierCacId, IDICAC, IDGGPS, IDENTREPRISE, ANNEEDOSSCAC) values (25,25,10,3,'2004');

#table ICAC	
insert into ICAC (IDICAC,DATE_ICAC,LIEN_SF_DEPRD,LIEN_SF_DEPRI) values (1,'2008-12-30', 'excelRD1.xls','excelRI1.xls');
insert into ICAC (IDICAC,DATE_ICAC,LIEN_SF_DEPRD,LIEN_SF_DEPRI) values (2,'2008-12-30', 'excelRD2.xls','excelRI2.xls');
insert into ICAC (IDICAC,DATE_ICAC,LIEN_SF_DEPRD,LIEN_SF_DEPRI) values (3,'2009-12-30', 'excelRD3.xls','excelRI3.xls');
insert into ICAC (IDICAC,DATE_ICAC,LIEN_SF_DEPRD,LIEN_SF_DEPRI) values (4,'2009-12-30', 'excelRD3.xls','excelRI3.xls');
insert into ICAC (IDICAC,DATE_ICAC,LIEN_SF_DEPRD,LIEN_SF_DEPRI) values (5,'2009-12-30', 'excelRD3.xls','excelRI3.xls');
insert into ICAC (IDICAC,DATE_ICAC,LIEN_SF_DEPRD,LIEN_SF_DEPRI) values (6,'2008-12-30', 'excelRD1.xls','excelRI1.xls');
insert into ICAC (IDICAC,DATE_ICAC,LIEN_SF_DEPRD,LIEN_SF_DEPRI) values (7,'2008-12-30', 'excelRD2.xls','excelRI2.xls');
insert into ICAC (IDICAC,DATE_ICAC,LIEN_SF_DEPRD,LIEN_SF_DEPRI) values (8,'2009-12-30', 'excelRD3.xls','excelRI3.xls');
insert into ICAC (IDICAC,DATE_ICAC,LIEN_SF_DEPRD,LIEN_SF_DEPRI) values (9,'2009-12-30', 'excelRD3.xls','excelRI3.xls');
insert into ICAC (IDICAC,DATE_ICAC,LIEN_SF_DEPRD,LIEN_SF_DEPRI) values (10,'2009-12-30', 'excelRD3.xls','excelRI3.xls');
insert into ICAC (IDICAC,DATE_ICAC,LIEN_SF_DEPRD,LIEN_SF_DEPRI) values (11,'2008-12-30', 'excelRD1.xls','excelRI1.xls');
insert into ICAC (IDICAC,DATE_ICAC,LIEN_SF_DEPRD,LIEN_SF_DEPRI) values (12,'2008-12-30', 'excelRD2.xls','excelRI2.xls');
insert into ICAC (IDICAC,DATE_ICAC,LIEN_SF_DEPRD,LIEN_SF_DEPRI) values (13,'2009-12-30', 'excelRD3.xls','excelRI3.xls');
insert into ICAC (IDICAC,DATE_ICAC,LIEN_SF_DEPRD,LIEN_SF_DEPRI) values (14,'2009-12-30', 'excelRD3.xls','excelRI3.xls');
insert into ICAC (IDICAC,DATE_ICAC,LIEN_SF_DEPRD,LIEN_SF_DEPRI) values (15,'2009-12-30', 'excelRD3.xls','excelRI3.xls');
insert into ICAC (IDICAC,DATE_ICAC,LIEN_SF_DEPRD,LIEN_SF_DEPRI) values (16,'2008-12-30', 'excelRD1.xls','excelRI1.xls');
insert into ICAC (IDICAC,DATE_ICAC,LIEN_SF_DEPRD,LIEN_SF_DEPRI) values (17,'2008-12-30', 'excelRD2.xls','excelRI2.xls');
insert into ICAC (IDICAC,DATE_ICAC,LIEN_SF_DEPRD,LIEN_SF_DEPRI) values (18,'2009-12-30', 'excelRD3.xls','excelRI3.xls');
insert into ICAC (IDICAC,DATE_ICAC,LIEN_SF_DEPRD,LIEN_SF_DEPRI) values (19,'2009-12-30', 'excelRD3.xls','excelRI3.xls');
insert into ICAC (IDICAC,DATE_ICAC,LIEN_SF_DEPRD,LIEN_SF_DEPRI) values (20,'2009-12-30', 'excelRD3.xls','excelRI3.xls');
insert into ICAC (IDICAC,DATE_ICAC,LIEN_SF_DEPRD,LIEN_SF_DEPRI) values (21,'2008-12-30', 'excelRD1.xls','excelRI1.xls');
insert into ICAC (IDICAC,DATE_ICAC,LIEN_SF_DEPRD,LIEN_SF_DEPRI) values (22,'2008-12-30', 'excelRD2.xls','excelRI2.xls');
insert into ICAC (IDICAC,DATE_ICAC,LIEN_SF_DEPRD,LIEN_SF_DEPRI) values (23,'2009-12-30', 'excelRD3.xls','excelRI3.xls');
insert into ICAC (IDICAC,DATE_ICAC,LIEN_SF_DEPRD,LIEN_SF_DEPRI) values (24,'2009-12-30', 'excelRD3.xls','excelRI3.xls');
insert into ICAC (IDICAC,DATE_ICAC,LIEN_SF_DEPRD,LIEN_SF_DEPRI) values (25,'2009-12-30', 'excelRD3.xls','excelRI3.xls');
	
#table rectoplanification
insert into PHASERETROPLANIFICATION values (1,1,1,'phase1','recherche',1,'2010-02-14','2010-02-15');
insert into PHASERETROPLANIFICATION values (2,2,2,'phase1','recherche',1,'2010-01-14','2010-01-18');
insert into PHASERETROPLANIFICATION values (3,3,3,'phase1','recherche',1,'2010-03-01','2010-03-18');
insert into PHASERETROPLANIFICATION values (4,4,4,'phase1','recherche',1,'2010-02-01','2010-02-12');
insert into PHASERETROPLANIFICATION values (5,5,5,'phase1','recherche',1,'2010-02-01','2010-11-20');
	
# Table etat PHASE_P_AVOIR_ETAT
insert into PHASE_P_AVOIR_ETAT values (1,1,1,'2010-02-01','2010-02-15');
insert into PHASE_P_AVOIR_ETAT values (2,2,2,'2010-02-15','2010-03-20');
insert into PHASE_P_AVOIR_ETAT values (3,3,3,'2010-01-14','2010-03-20');
insert into PHASE_P_AVOIR_ETAT values (4,4,1,'2010-01-14','2010-02-01');
insert into PHASE_P_AVOIR_ETAT values (5,5,2,'2010-01-14','2010-02-01');
insert into PHASE_P_AVOIR_ETAT values (6,6,3,'2010-02-15','2010-02-01');
insert into PHASE_P_AVOIR_ETAT values (7,7,1,'2010-02-15','2010-02-01');
insert into PHASE_P_AVOIR_ETAT values (8,8,2,'2010-02-15','2010-02-01');
insert into PHASE_P_AVOIR_ETAT values (9,9,3,'2010-02-01','2010-02-01');
	
# Table etat PHASE_RP_AVOIR_ETAT
insert into PHASE_RP_AVOIR_ETAT values (1,1,1,'2010-02-01','2010-02-15');
insert into PHASE_RP_AVOIR_ETAT values (2,3,3,'2010-01-14','2010-03-20');
insert into PHASE_RP_AVOIR_ETAT values (3,4,1,'2010-01-14','2010-02-01');
insert into PHASE_RP_AVOIR_ETAT values (4,5,2,'2010-01-14','2010-02-01');
insert into PHASE_RP_AVOIR_ETAT values (5,6,3,'2010-02-15','2010-02-01');
insert into PHASE_RP_AVOIR_ETAT values (6,7,1,'2010-02-15','2010-02-01');
insert into PHASE_RP_AVOIR_ETAT values (7,8,2,'2010-02-15','2010-02-01');
insert into PHASE_RP_AVOIR_ETAT values (8,9,3,'2010-02-01','2010-02-01');

# Avoir etat 
insert into ETATPHASE values (1,'en cours');
insert into ETATPHASE values (2,'Suspendus');
insert into ETATPHASE values (3,'Effectue');

# Jours semaine
insert into JOURSSEMAINE values (1,"samedi");
insert into JOURSSEMAINE values (2,"dimanche");
insert into JOURSSEMAINE values (3,"lundi");
insert into JOURSSEMAINE values (4,"mardi");
insert into JOURSSEMAINE values (5,"mercredi");
insert into JOURSSEMAINE values (6,"jeudi");
insert into JOURSSEMAINE values (7,"vendredi");
	
#joursovrésorg
insert into JOURSOUVRESORG values (1,1,1,false);
insert into JOURSOUVRESORG values (2,2,1,false);
insert into JOURSOUVRESORG values (3,3,1,true);
insert into JOURSOUVRESORG values (4,4,1,true);
insert into JOURSOUVRESORG values (5,5,1,true);
insert into JOURSOUVRESORG values (6,6,1,true);
insert into JOURSOUVRESORG values (7,7,1,true);
insert into JOURSOUVRESORG values (8,1,2,false);
insert into JOURSOUVRESORG values (9,2,2,false);
insert into JOURSOUVRESORG values (10,3,2,true);
insert into JOURSOUVRESORG values (11,4,2,true);
insert into JOURSOUVRESORG values (12,5,5,true);
insert into JOURSOUVRESORG values (13,6,2,true);
insert into JOURSOUVRESORG values (14,7,2,true);
insert into JOURSOUVRESORG values (15,1,3,false);
insert into JOURSOUVRESORG values (16,2,3,false);
insert into JOURSOUVRESORG values (17,3,3,true);
insert into JOURSOUVRESORG values (18,4,3,true);
insert into JOURSOUVRESORG values (19,5,3,true);
insert into JOURSOUVRESORG values (20,6,3,true);
insert into JOURSOUVRESORG values (21,7,3,true);
insert into JOURSOUVRESORG values (22,1,4,false);
insert into JOURSOUVRESORG values (23,2,4,true);
insert into JOURSOUVRESORG values (24,3,4,true);
insert into JOURSOUVRESORG values (25,4,4,false);
insert into JOURSOUVRESORG values (26,5,4,true);
insert into JOURSOUVRESORG values (27,6,4,false);
insert into JOURSOUVRESORG values (28,7,4,false);
insert into JOURSOUVRESORG values (29,1,5,false);
insert into JOURSOUVRESORG values (30,2,5,false);
insert into JOURSOUVRESORG values (31,3,5,true);
insert into JOURSOUVRESORG values (32,4,5,true);
insert into JOURSOUVRESORG values (33,5,5,true);
insert into JOURSOUVRESORG values (34,6,5,true);
insert into JOURSOUVRESORG values (35,7,5,true);
insert into JOURSOUVRESORG values (36,1,6,false);
insert into JOURSOUVRESORG values (37,2,6,false);
insert into JOURSOUVRESORG values (38,3,6,true);
insert into JOURSOUVRESORG values (39,4,6,true);
insert into JOURSOUVRESORG values (40,5,6,true);
insert into JOURSOUVRESORG values (41,6,6,true);
insert into JOURSOUVRESORG values (42,7,6,true);
insert into JOURSOUVRESORG values (43,1,7,false);
insert into JOURSOUVRESORG values (44,2,7,false);
insert into JOURSOUVRESORG values (45,3,7,true);
insert into JOURSOUVRESORG values (46,4,7,true);
insert into JOURSOUVRESORG values (47,5,7,true);
insert into JOURSOUVRESORG values (48,6,7,true);
insert into JOURSOUVRESORG values (49,7,7,true);
insert into JOURSOUVRESORG values (50,1,8,false);
insert into JOURSOUVRESORG values (51,2,8,true);
insert into JOURSOUVRESORG values (52,3,8,true);
insert into JOURSOUVRESORG values (53,4,8,false);
insert into JOURSOUVRESORG values (54,5,8,true);
insert into JOURSOUVRESORG values (55,6,8,false);
insert into JOURSOUVRESORG values (56,7,8,false);
insert into JOURSOUVRESORG values (57,1,9,false);
insert into JOURSOUVRESORG values (58,2,9,false);
insert into JOURSOUVRESORG values (59,3,9,true);
insert into JOURSOUVRESORG values (60,4,9,true);
insert into JOURSOUVRESORG values (61,5,9,true);
insert into JOURSOUVRESORG values (62,6,9,true);
insert into JOURSOUVRESORG values (63,7,9,true);
insert into JOURSOUVRESORG values (64,1,10,false);
insert into JOURSOUVRESORG values (65,2,10,false);
insert into JOURSOUVRESORG values (66,3,10,true);
insert into JOURSOUVRESORG values (67,4,10,true);
insert into JOURSOUVRESORG values (68,5,10,true);
insert into JOURSOUVRESORG values (69,6,10,true);
insert into JOURSOUVRESORG values (70,7,10,true);
insert into JOURSOUVRESORG values (71,1,11,false);
insert into JOURSOUVRESORG values (72,2,11,false);
insert into JOURSOUVRESORG values (73,3,11,true);
insert into JOURSOUVRESORG values (74,4,11,true);
insert into JOURSOUVRESORG values (75,5,11,true);
insert into JOURSOUVRESORG values (76,6,11,true);
insert into JOURSOUVRESORG values (77,7,11,true);
insert into JOURSOUVRESORG values (78,1,12,false);
insert into JOURSOUVRESORG values (79,2,12,true);
insert into JOURSOUVRESORG values (80,3,12,true);
insert into JOURSOUVRESORG values (81,4,12,false);
insert into JOURSOUVRESORG values (82,5,12,true);
insert into JOURSOUVRESORG values (83,6,12,false);
insert into JOURSOUVRESORG values (84,7,12,false);
insert into JOURSOUVRESORG values (85,1,13,false);
insert into JOURSOUVRESORG values (86,2,13,false);
insert into JOURSOUVRESORG values (87,3,13,true);
insert into JOURSOUVRESORG values (88,4,13,true);
insert into JOURSOUVRESORG values (89,5,13,true);
insert into JOURSOUVRESORG values (90,6,13,true);
insert into JOURSOUVRESORG values (91,7,13,true);
insert into JOURSOUVRESORG values (92,1,14,false);
insert into JOURSOUVRESORG values (93,2,14,false);
insert into JOURSOUVRESORG values (94,3,14,true);
insert into JOURSOUVRESORG values (95,4,14,true);
insert into JOURSOUVRESORG values (96,5,14,true);
insert into JOURSOUVRESORG values (97,6,14,true);
insert into JOURSOUVRESORG values (98,7,14,true);
insert into JOURSOUVRESORG values (99,1,15,false);
insert into JOURSOUVRESORG values (100,2,15,false);
insert into JOURSOUVRESORG values (101,3,15,true);
insert into JOURSOUVRESORG values (102,4,15,true);
insert into JOURSOUVRESORG values (103,5,15,true);
insert into JOURSOUVRESORG values (104,6,15,true);
insert into JOURSOUVRESORG values (105,7,15,true);
insert into JOURSOUVRESORG values (106,1,16,false);
insert into JOURSOUVRESORG values (107,2,16,true);
insert into JOURSOUVRESORG values (108,3,16,true);
insert into JOURSOUVRESORG values (109,4,16,false);
insert into JOURSOUVRESORG values (110,5,16,true);
insert into JOURSOUVRESORG values (111,6,16,false);
insert into JOURSOUVRESORG values (112,7,16,false);


# table tache
insert into TACHE values (1,'Modélisation');
insert into TACHE values (2,'Conception');
insert into TACHE values (3,'Développement');
insert into TACHE values (4,'Réunion');
insert into TACHE values (5,'Audit');
insert into TACHE values (6,'Rédaction');
insert into TACHE values (7,'Formation');
insert into TACHE values (8,'Lecture');
insert into TACHE values (9,'Dépalcement');
insert into TACHE values (10,'AUTRE');
	
# table contenu	
insert into CONTENU(ContenuId,IDJOUR,IDRAPACTV,IDPHASE_P,IDTACHE,NBRHEURE,COMMENTAIRE) values (1,3,1,1,1,8,'neant');
insert into CONTENU(ContenuId,IDJOUR,IDRAPACTV,IDPHASE_P,IDTACHE,NBRHEURE,COMMENTAIRE) values (2,3,2,2,2,4,'sus');
insert into CONTENU(ContenuId,IDJOUR,IDRAPACTV,IDPHASE_P,IDTACHE,NBRHEURE,COMMENTAIRE) values (3,7,3,3,3,2,'comentere');
insert into CONTENU(ContenuId,IDJOUR,IDRAPACTV,IDPHASE_P,IDTACHE,NBRHEURE,COMMENTAIRE) values (4,6,1,4,1,1,'comentere');
insert into CONTENU(ContenuId,IDJOUR,IDRAPACTV,IDPHASE_P,IDTACHE,NBRHEURE,COMMENTAIRE) values (5,5,2,5,2,5,'comentere');
insert into CONTENU(ContenuId,IDJOUR,IDRAPACTV,IDPHASE_P,IDTACHE,NBRHEURE,COMMENTAIRE) values (6,4,3,6,3,3,'comentere');
insert into CONTENU(ContenuId,IDJOUR,IDRAPACTV,IDPHASE_P,IDTACHE,NBRHEURE,COMMENTAIRE) values (7,6,1,7,10,7,'neant');
insert into CONTENU(ContenuId,IDJOUR,IDRAPACTV,IDPHASE_P,IDTACHE,NBRHEURE,COMMENTAIRE) values (8,7,2,8,4,2,'comentere');
insert into CONTENU(ContenuId,IDJOUR,IDRAPACTV,IDPHASE_P,IDTACHE,NBRHEURE,COMMENTAIRE) values (9,5,3,9,5,1,'neant');
insert into CONTENU(ContenuId,IDJOUR,IDRAPACTV,IDPHASE_P,IDTACHE,NBRHEURE,COMMENTAIRE) values (10,4,4,10,6,1,'neant');
insert into CONTENU(ContenuId,IDJOUR,IDRAPACTV,IDPHASE_P,IDTACHE,NBRHEURE,COMMENTAIRE) values (11,3,2,11,7,1,'neant');
	
	
#table contenu optimisé
insert into CONTENUOPTIMISE(ContenuoptimiseId,IDJOUR,IDRAPACTV,IDPHASE_RP,IDTACHE,NBRHEURESOPT,COMMENTAIREOPT,TAUXELIGIBILITE) values (1,3,1,1,2,8.0,'neant',10);
insert into CONTENUOPTIMISE(ContenuoptimiseId,IDJOUR,IDRAPACTV,IDPHASE_RP,IDTACHE,NBRHEURESOPT,COMMENTAIREOPT,TAUXELIGIBILITE) values (2,3,2,2,3,4.5,'sus',20);
insert into CONTENUOPTIMISE(ContenuoptimiseId,IDJOUR,IDRAPACTV,IDPHASE_RP,IDTACHE,NBRHEURESOPT,COMMENTAIREOPT,TAUXELIGIBILITE) values (3,7,3,3,4,2.5,'comentere',5);
insert into CONTENUOPTIMISE(ContenuoptimiseId,IDJOUR,IDRAPACTV,IDPHASE_RP,IDTACHE,NBRHEURESOPT,COMMENTAIREOPT,TAUXELIGIBILITE) values (4,6,1,4,10,1.4,'comentere',50);
insert into CONTENUOPTIMISE(ContenuoptimiseId,IDJOUR,IDRAPACTV,IDPHASE_RP,IDTACHE,NBRHEURESOPT,COMMENTAIREOPT,TAUXELIGIBILITE) values (5,5,2,5,5,5.5,'comentere',60);
insert into CONTENUOPTIMISE(ContenuoptimiseId,IDJOUR,IDRAPACTV,IDPHASE_RP,IDTACHE,NBRHEURESOPT,COMMENTAIREOPT,TAUXELIGIBILITE) values (6,4,3,6,6,3.0,'comentere',2);
insert into CONTENUOPTIMISE(ContenuoptimiseId,IDJOUR,IDRAPACTV,IDPHASE_RP,IDTACHE,NBRHEURESOPT,COMMENTAIREOPT,TAUXELIGIBILITE) values (7,6,1,7,4,7.5,'neant',12);
insert into CONTENUOPTIMISE(ContenuoptimiseId,IDJOUR,IDRAPACTV,IDPHASE_RP,IDTACHE,NBRHEURESOPT,COMMENTAIREOPT,TAUXELIGIBILITE) values (8,7,2,8,1,2.5,'comentere',45);
insert into CONTENUOPTIMISE(ContenuoptimiseId,IDJOUR,IDRAPACTV,IDPHASE_RP,IDTACHE,NBRHEURESOPT,COMMENTAIREOPT,TAUXELIGIBILITE) values (9,5,3,9,1,1.5,'neant',20);
insert into CONTENUOPTIMISE(ContenuoptimiseId,IDJOUR,IDRAPACTV,IDPHASE_RP,IDTACHE,NBRHEURESOPT,COMMENTAIREOPT,TAUXELIGIBILITE) values (10,4,4,10,2,1.0,'neant',3);
insert into CONTENUOPTIMISE(ContenuoptimiseId,IDJOUR,IDRAPACTV,IDPHASE_RP,IDTACHE,NBRHEURESOPT,COMMENTAIREOPT,TAUXELIGIBILITE) values (11,3,2,11,3,1.5,'neant',2);
	
# table RAPPORTACTIVITES
insert into RAPPORTACTIVITES(IDRAPACTV,IDRESS,ANNEE,NUMSEMAINE) values (1,1,"2005","S1");
insert into RAPPORTACTIVITES(IDRAPACTV,IDRESS,ANNEE,NUMSEMAINE) values (2,1,"2005","S2";
insert into RAPPORTACTIVITES(IDRAPACTV,IDRESS,ANNEE,NUMSEMAINE) values (3,2,"2005","S3");
insert into RAPPORTACTIVITES(IDRAPACTV,IDRESS,ANNEE,NUMSEMAINE) values (4,3,"2005","S4");
insert into RAPPORTACTIVITES(IDRAPACTV,IDRESS,ANNEE,NUMSEMAINE) values (5,4,"2005","S5");
insert into RAPPORTACTIVITES(IDRAPACTV,IDRESS,ANNEE,NUMSEMAINE) values (6,5,"2005","S6");
insert into RAPPORTACTIVITES(IDRAPACTV,IDRESS,ANNEE,NUMSEMAINE) values (7,6,"2005","S7");

	

	






